{"cameraMode":{"drawMode":0,"name":"Shaded","section":"Shading Mode"},"sceneLighting":false,"audioPlay":false,"sceneViewState":{"showFog":true,"showMaterialUpdate":false,"showSkybox":false,"showFlares":true,"showImageEffects":true,"showParticleSystems":true},"in2DMode":false,"pivot":{"x":-0.017024457454681398,"y":0.004049479961395264,"z":-0.02370762825012207},"rotation":{"x":0.2863897979259491,"y":-0.566970705986023,"z":0.21925587952136994,"w":0.7405754923820496},"size":3.583662986755371,"orthographic":false}