{"cameraMode":{"drawMode":0,"name":"Shaded","section":"Shading Mode"},"sceneLighting":false,"audioPlay":false,"sceneViewState":{"showFog":true,"showMaterialUpdate":false,"showSkybox":false,"showFlares":true,"showImageEffects":true,"showParticleSystems":true},"in2DMode":false,"pivot":{"x":-0.017024457454681398,"y":0.0,"z":-0.02370762825012207},"rotation":{"x":0.3197101056575775,"y":0.29600828886032107,"z":-0.10587438195943833,"w":0.8938429951667786},"size":3.875366449356079,"orthographic":true}