{"cameraMode":{"drawMode":0,"name":"Shaded","section":"Shading Mode"},"sceneLighting":true,"audioPlay":false,"sceneViewState":{"showFog":true,"showMaterialUpdate":false,"showSkybox":true,"showFlares":true,"showImageEffects":true,"showParticleSystems":true},"in2DMode":false,"pivot":{"x":0.016239523887634279,"y":-0.039559364318847659,"z":5.0539984703063969},"rotation":{"x":-0.8211568593978882,"y":0.09008627384901047,"z":0.5470846891403198,"w":0.13521920144557954},"size":3.7444686889648439,"orthographic":true}