{"cameraMode":{"drawMode":0,"name":"Shaded","section":"Shading Mode"},"sceneLighting":false,"audioPlay":false,"sceneViewState":{"showFog":true,"showMaterialUpdate":false,"showSkybox":false,"showFlares":true,"showImageEffects":true,"showParticleSystems":true},"in2DMode":false,"pivot":{"x":0.11499617993831635,"y":2.3746047019958498,"z":2.4356977939605715},"rotation":{"x":-0.04779098927974701,"y":-0.7454989552497864,"z":0.05376860499382019,"w":-0.6626132130622864},"size":505.1197509765625,"orthographic":false}